                  epoch,         train/box_loss,         train/cls_loss,         train/dfl_loss,   metrics/precision(B),      metrics/recall(B),       metrics/mAP50(B),    metrics/mAP50-95(B),           val/box_loss,           val/cls_loss,           val/dfl_loss,                 lr/pg0,                 lr/pg1,                 lr/pg2
                      1,                 1.0135,                 3.6543,                 1.3816,                0.31229,                0.38185,                0.35865,                0.26993,                0.84538,                 3.2099,                 1.2389,             0.00018448,             0.00018448,             0.00018448
                      2,                0.93391,                 2.5012,                 1.2704,                 0.6916,                0.60584,                0.68565,                0.53978,                0.72975,                 2.5497,                  1.109,             0.00029659,             0.00029659,             0.00029659
                      3,                0.88041,                  2.008,                 1.2217,                0.72507,                0.71031,                0.79574,                0.63995,                0.73281,                 2.0031,                 1.1123,             0.00033531,             0.00033531,             0.00033531
                      4,                0.80935,                 1.6787,                 1.1733,                0.82703,                 0.8019,                0.87125,                0.72254,                0.65769,                 1.4362,                 1.0257,             0.00022574,             0.00022574,             0.00022574
                      5,                0.78376,                 1.4707,                 1.1436,                 0.8918,                0.81284,                0.89738,                0.73953,                0.70453,                  1.314,                 1.0496,             0.00022574,             0.00022574,             0.00022574
